{
    "addresses" : [
	{
	    "dpid" : "00:00:00:00:00:00:00:a3",
	    "port" : "1",
	    "ips" : ["192.168.10.101/24"],
	    "mac" : "00:00:00:00:00:01",
	    "vlan" : "1"
	},
	{
	    "dpid" : "00:00:00:00:00:00:00:a5",
	    "port" : "1",
	    "ips" : ["192.168.20.101/24"],
	    "mac" : "00:00:00:00:00:01",
	    "vlan" : "2"
	},
	{
	    "dpid" : "00:00:00:00:00:00:00:a2",
	    "port" : "1",
	    "ips" : ["192.168.30.101/24"],
	    "mac" : "00:00:00:00:00:01"
	},
	{
	    "dpid" : "00:00:00:00:00:00:00:a6",
	    "port" : "1",
	    "ips" : ["192.168.40.101/24"],
	    "mac" : "00:00:00:00:00:01"
	},
	{
	    "dpid" : "00:00:00:00:00:00:00:a4",
	    "port" : "4",
	    "ips" : ["192.168.60.101/24"],
	    "mac" : "00:00:00:00:00:01"
	}
    ]
}
