{
  "bundle": {
    "id": "family",
    "name": "Family Bundle",
    "functions": [
      {
        "id": "internet",
        "name": "Internet",
        "desc": "Basic internet connectivity.",
        "params": {}
      },
      {
        "id": "firewall",
        "name": "Firewall",
        "desc": "Normal firewall protection.",
        "params": {}
      },
      {
        "id": "url_filter",
        "name": "Parental Control",
        "desc": "Variable levels of URL filtering.",
        "params": {
          "level": "PG",
          "levels": [ "PG", "PG-13", "R" ]
        }
      }
    ]
  },
  "bundles": [
    { "id": "basic", "name": "Basic Bundle" },
    { "id": "family", "name": "Family Bundle" }
  ]
}
