{
  "users": [
    {
      "id": 1,
      "name": "Mom's MacBook",
      "mac": "010203040506",
      "profile": {
        "url_filter": {
          "level": "R"
        }
      }
    },
    {
      "id": 2,
      "name": "Dad's iPad",
      "mac": "010203040507",
      "profile": {
        "url_filter": {
          "level": "R"
        }
      }
    },
    {
      "id": 3,
      "name": "Dick's laptop",
      "mac": "010203040508",
      "profile": {
        "url_filter": {
          "level": "PG_13"
        }
      }
    },
    {
      "id": 4,
      "name": "Jane's laptop",
      "mac": "010203040509",
      "profile": {
        "url_filter": {
          "level": "PG"
        }
      }
    }
  ]
}
